accuracy,correct,dataset,failure_rate,mean_preference_margin,model_id,near_failure_rate,total
0.7625,183,benchmark,0.2375,0.3819018201537864,hf_distilgpt2,0.029166666666666667,240
0.7583333333333333,182,rl,0.24166666666666667,0.40308462535893486,hf_distilgpt2,0.008333333333333333,240
0.8458333333333333,203,benchmark,0.15416666666666667,0.5117646979907203,hf_gpt2,0.016666666666666666,240
0.7916666666666666,190,rl,0.20833333333333334,0.5009226291898699,hf_gpt2,0.020833333333333332,240
0.4708333333333333,113,benchmark,0.5291666666666667,0.00041986388504193045,hf_tiny_gpt2,0.8583333333333333,240
0.016666666666666666,4,rl,0.9833333333333333,-0.004041166974123045,hf_tiny_gpt2,0.8916666666666667,240
